zone_id,weighted_inflow,downstream_count,pagerank,weighted_inflow_norm,pagerank_norm,sequential_centrality,visits,unique_users,latitude,longitude,category_count
882a100d2dfffff,0.001829333533122643,5,0.05074166335948583,1.0,0.7018056231375975,0.9105416869412792,6660,758,40.75038700367267,-73.99023391793543,6
882a100d67fffff,0.0012612415866304206,5,0.04183959372713819,0.6894541447985713,0.5636176989752673,0.65170321105158,6847,759,40.75529990423689,-73.9818758391865,6
882a1072c1fffff,0.0012972050090377229,4,0.02578433171098181,0.7091134479032999,0.3143898877443787,0.5906963798556235,3800,522,40.72348830045,-74.00081676979737,6
882a107251fffff,0.0010484349740669692,1,0.03680809210520175,0.5731240121517411,0.48551307912054315,0.5468407322423817,505,175,40.75923890388119,-74.00187790150495,5
882a1072c9fffff,0.0005628966805445124,5,0.06995135279432604,0.3077058777704997,1.0,0.5153941144393498,4007,628,40.72818703139506,-73.99289312378089,6
882a103b03fffff,0.0007795778813084279,1,0.04189509045014143,0.42615404309442734,0.5644791814469121,0.46765158460017275,758,292,40.64534936960422,-73.78491935671505,3
882a100d65fffff,0.0006468028647419751,5,0.04686572783997506,0.35357295595948157,0.6416389983246453,0.4399927686690307,4530,615,40.76267205497351,-73.98385575445695,6
882a1072cbfffff,0.0004169970804056031,3,0.05292991138340566,0.22795027416011762,0.735774066933971,0.3802974119922736,2801,521,40.72083956385577,-73.99023877556944,6
882a100d35fffff,0.0003657856199721716,3,0.055952184785917784,0.1999556742109141,0.7826891894832915,0.37477572879262727,2037,430,40.726975172056946,-73.98354183463917,6
882a10724bfffff,0.0004574065321568758,1,0.03680809210520175,0.2500399866262169,0.48551307912054315,0.32068191437451476,141,16,40.77582457092198,-74.0113545087234,3
882a100abbfffff,0.0007762614816104278,1,0.010233024684479815,0.42434114258287386,0.07298503193483796,0.31893430938846307,185,14,40.81616455718919,-73.91778145497297,4
882a100eb9fffff,0.00038934524654524687,3,0.04162568051830258,0.2128344774179265,0.560297097867803,0.31707326355288945,542,88,40.69834200464945,-73.81035214171587,4
882a100d21fffff,0.0005646159861954916,3,0.017417797562169254,0.3086457313400368,0.18451514690248333,0.2714065560087707,6844,640,40.74182613395383,-73.98822168291204,6
882a103b1dfffff,0.00035485085129522385,1,0.0337729289948448,0.19397821385228703,0.43839786804757613,0.26730411011087374,499,115,40.6453209893988,-73.77726164747494,4
882a100d23fffff,0.0002713137265132968,6,0.032546190981799596,0.14831288094859804,0.4193550626646853,0.22962553546342418,3670,627,40.733749135049045,-73.98773752760218,6
882a1072cdfffff,0.00022697839756405212,4,0.03190989338126185,0.12407709882002962,0.40947773658218933,0.20969729014867752,3365,525,40.730763750977715,-74.00353549286478,6
882a103b6bfffff,0.0004401601426393962,1,0.012590186670620344,0.24061229659309305,0.10957554798691405,0.20130127201123932,92,2,40.66726067,-73.79829884,1
882a107253fffff,0.0003473047169367327,1,0.015813110788910217,0.1898531408561068,0.159605396329241,0.18077881749804706,602,199,40.751650714435215,-74.00162539116279,6
882a1046abfffff,0.00040280056803255907,1,0.010233024684479815,0.2201897908387351,0.07298503193483796,0.17602836316756595,139,44,40.82895932935252,-74.14110231021583,4
882a1054b3fffff,0.00038483063720917834,1,0.010233024684479815,0.2103665789979144,0.07298503193483796,0.16915211487899146,84,19,40.89806773511905,-74.09484088845238,4
882a1008d9fffff,0.0001874443089131274,1,0.022565271409520846,0.10246590111599986,0.2644200179069368,0.15105213615328095,709,74,40.804560865204515,-73.93916017768689,5
882a100d43fffff,0.00022208600946974744,1,0.017852257387198776,0.12140268871070777,0.19125932031746096,0.1423596781927337,371,70,40.752092281886796,-73.94080004363882,6
882a10189bfffff,0.00011636427347662409,1,0.02471248936779421,0.06361020085713519,0.2977515469369589,0.1338526046810823,43,2,40.912175,-73.851171,1
882a100d27fffff,0.00013785513809399467,4,0.021540878247079526,0.07535812119437736,0.24851823658077576,0.12730615581029686,4002,651,40.736741644167914,-73.99415028276862,6
882a100d09fffff,0.00021028198595272527,1,0.014494890780896871,0.11495005265320714,0.13914250466248876,0.12220778825599161,487,89,40.74677872071869,-73.94745517404517,6
882a10548bfffff,0.00022208600946974744,1,0.010233024684479815,0.12140268871070777,0.07298503193483796,0.10687739167794683,116,47,40.918841704913795,-74.07543985456897,4
882a10721bfffff,0.00010222261833227797,3,0.017911478593548854,0.05587970508460838,0.19217861840317457,0.09676937908017824,2740,495,40.7401516044708,-74.0049654464708,6
882a107643fffff,0.00015910639484399813,1,0.010233024684479815,0.08697506056886524,0.07298503193483796,0.08277805197865705,299,18,40.643522808428095,-73.90409114016722,4
882a100e83fffff,9.029755867381732e-05,1,0.012377372160349245,0.04936090496284778,0.10627200211269128,0.06643423410780083,461,51,40.70188815221258,-73.80315707572669,5
882a1008bbfffff,0.00010344909602397267,1,0.010233024684479815,0.05655015564460065,0.07298503193483796,0.06148061853167184,1737,304,40.77704710728267,-73.9802540441278,6
882a100d29fffff,4.912202049177549e-05,1,0.01368139247110987,0.02685241351691891,0.12651447012875033,0.056751030500468334,3684,469,40.74699788315419,-73.98050022016015,6
882a107259fffff,6.128188550465498e-05,2,0.01209595078321227,0.03349956932131878,0.10190346338770187,0.054020737541233696,621,244,40.76470313983897,-73.9949229778422,6
882a10089bfffff,8.365883417590833e-05,1,0.010233024684479815,0.0457318649995466,0.07298503193483796,0.05390781508013401,1068,165,40.77780471530899,-73.94992965926966,6
882a10725bfffff,7.746560527521537e-05,2,0.010705757495952348,0.042346353943986816,0.08032332163585706,0.05373944425154789,4777,681,40.75767247952062,-73.99122863832949,6
882a100d85fffff,5.898753088342915e-05,1,0.010891800913211128,0.03224536685922899,0.0832112965334739,0.04753514576150246,318,28,40.69004435943397,-73.95206634122641,5
882a100d25fffff,5.6166268201381294e-05,1,0.00792549277933709,0.03070313159651448,0.03716492974744044,0.03264167104179227,2892,465,40.74391609726141,-73.99693233284232,6
882a100d2bfffff,3.5652603526915974e-05,1,0.007860732889310405,0.019489394843190542,0.036159653992322766,0.024490472587930207,1023,232,40.7409957187781,-73.97807277117302,6
882a10710dfffff,0.0,0,0.0055313270481522365,0.0,0.0,0.0,187,32,40.744915910695184,-74.16956575834224,5
882a107467fffff,0.0,0,0.0055313270481522365,0.0,0.0,0.0,110,20,40.60807361354546,-74.00308008381818,4
882a1046adfffff,0.0,0,0.0055313270481522365,0.0,0.0,0.0,285,48,40.83990157666666,-74.15820647347368,4
882a1072e7fffff,0.0,0,0.0055313270481522365,0.0,0.0,0.0,604,59,40.71812158635762,-74.04063833172185,5
882a10465dfffff,0.0,0,0.0055313270481522365,0.0,0.0,0.0,98,14,40.89272841959183,-74.11455888357142,3
882a100a95fffff,0.0,0,0.0055313270481522365,0.0,0.0,0.0,340,13,40.81992738002941,-73.90941028717647,4
882a100d9dfffff,0.0,0,0.0055313270481522365,0.0,0.0,0.0,191,19,40.67801212900524,-73.92777082513089,5
882a100545fffff,0.0,0,0.0055313270481522365,0.0,0.0,0.0,141,9,40.76691105475177,-73.74651404035461,4
882a100a1dfffff,0.0,0,0.0055313270481522365,0.0,0.0,0.0,36,8,40.878399083333335,-73.92170131722223,3
882a10549dfffff,0.0,0,0.0055313270481522365,0.0,0.0,0.0,462,96,40.91622143564935,-74.07554473006492,5
882a107451fffff,0.0,0,0.0055313270481522365,0.0,0.0,0.0,135,22,40.595191366592594,-73.95296898881482,4
882a100dd3fffff,0.0,0,0.0055313270481522365,0.0,0.0,0.0,183,35,40.67876223551913,-73.90401866562841,3
882a100da7fffff,0.0,0,0.0055313270481522365,0.0,0.0,0.0,849,221,40.68276082365135,-73.97721876910482,5
882a1008b9fffff,0.0,0,0.0055313270481522365,0.0,0.0,0.0,1019,235,40.783142930657505,-73.97959312625123,6
882a100893fffff,0.0,0,0.0055313270481522365,0.0,0.0,0.0,1202,218,40.772572331955075,-73.95638788377704,5
882a100d61fffff,0.0,0,0.0055313270481522365,0.0,0.0,0.0,3832,559,40.761040933444676,-73.97309180203548,6
